id,nombre_vendedor,nivel,cantidad_productos_vendidos,Monto_vendido
1,Gerty,Junior,118,194.98
2,Danna,Experto,105,115.9789
3,Aurea,Experto,185,179.987
4,Elaine,Junior,281,212.987
5,Karl,Experto,215,309.78
6,Jennette,Experto,141,354.68
7,Jere,Junior,253,4596.4
8,Nessa,Experto,193,131.64
9,Fayina,Junior,128,370.654
10,Janelle,Junior,208,397.64
11,Gloriane,Junior,253,283.6546
12,Vanda,Experto,85,344.687
13,Prudy,Experto,93,437.65
14,Dorothea,Junior,227,220.654
15,Juline,Junior,142,433.6456
16,Bernetta,Junior,231,471.4356
17,Paige,Junior,61,317.79852
18,Lorette,Experto,213,130.6893
19,Armando,Experto,142,318.99648
20,Red,Experto,69,277.45
